first_name,last_name,gender
Mila,Hayes,F
Legend,Wilkerson,M
Janiyah,Andersen,F
Alistair,Hansen,M
Hope,Holmes,M
King,Hart,M
Gemma,Wagner,F
Enzo,Roy,M
Savanna,York,F
Leandro,Larsen,M
Xiomara,Reyes,F
Eli,Castro,M
Eloise,Hardin,F
Hassan,Bush,M
Everlee,McGuire,F
Casey,Choi,F
Karla,Matthews,F
Preston,Walter,M
Penny,Williams,F
Oliver,Singleton,M
Malaysia,Carson,F
Ares,Chavez,F
Nevaeh,Felix,F
Rodney,Rollins,M
Araceli,Atkinson,F
Duke,Fletcher,M
Anaya,Simmons,F
Harrison,Henry,M
Summer,Hayden,F
Leroy,Black,M
Molly,Rosario,F
Jedidiah,Fischer,M
Maci,Franco,F
Gage,Jackson,F
Avery,Krueger,F
Jones,Whitehead,M
Sylvie,Lucas,F
Chance,Patrick,M
Lyra,Delacruz,F
Memphis,Peck,M
Crystal,Gates,F
Ermias,Conley,F
Salem,Dickerson,F
Flynn,Miles,F
Alessandra,Gordon,F
Karter,Molina,M
Alexandria,Henson,F
Bellamy,Parker,M
Aubrey,Oliver,M
Karson,Jefferson,F
Julieta,Erickson,F
Johnny,Cardenas,M
Raven,Horn,F
Wilson,Fletcher,M
Anaya,Armstrong,F
Grant,Guerrero,M
Margot,Blackwell,F
Marcellus,Zuniga,M
Leslie,Gutierrez,F
Luca,Hanson,M
Mariana,Griffin,F
Ayden,Cox,M
Sadie,Gould,F
Blaine,Dejesus,F
Julissa,Sawyer,F
Jefferson,Guerrero,M
Margot,Lambert,F
Mario,Knapp,M
Linda,Morton,F
Roland,Bass,M
Zahra,Casey,F
Armando,Cruz,M
Claire,Cruz,F
Ryan,Stanley,M
Gracelyn,Keller,F
Nico,Hayden,M
Avayah,Moody,F
Ryland,Daniels,M
Ember,Hawkins,F
Victor,Patrick,M
Lyra,Valentine,F
Demetrius,Huang,M
Francesca,Santos,F
Walker,Ahmed,M
Jolie,Barry,F
Emery,Montgomery,F
Evangeline,Reed,F
Easton,Collins,F
Kinsley,Campos,M
Gideon,Torres,M
Violet,Wise,F
Frederick,Delgado,M
Alani,Schneider,F
Raymond,Morgan,M
Delilah,Lozano,F
Boone,Bowen,F
Dream,Huffman,F
Chris,Gould,M
Violeta,Herring,F
Henrik,Hawkins,M
Ariel,Evans,F
Elias,Mullins,M
Maliyah,Parrish,F
Karsyn,Olson,F
Isabel,Peck,F
Yousef,Olson,M
Isabel,Calderon,F
Oakley,Campos,M
Sutton,Ibarra,M
Asa,Gillespie,F
Alianna,Skinner,F
Ridge,Holland,M
Mariah,McCullough,F
Briar,Salgado,F
Avalynn,Hoover,F
Jaziel,Bailey,M
Kennedy,Dunn,M
Dawson,Gutierrez,M
Savannah,Travis,F
Willie,McKay,M
Leanna,Bravo,F
Genesis,Christian,F
Anahi,Riley,F
Amari,Alfaro,F
Yasmin,Levy,F
Harold,Farrell,M
Kassidy,Mullen,F
Shepard,Hubbard,M
Rosie,Andersen,F
Alistair,Holland,M
Mariah,McClain,F
Mitchell,Foley,M
Zaylee,Walsh,F
Bodhi,Lozano,F
Cecelia,Deleon,F
Nasir,Duffy,M
Addisyn,Lam,F
Bodie,Burnett,F
Emberly,Calderon,F
Oakley,Duffy,M
Addisyn,Solomon,F
Musa,Cohen,M
Destiny,Kerr,F
Louie,Black,F
Molly,Marshall,F
Kaiden,Grimes,F
Braelyn,Cohen,F
Killian,Santos,M
Alana,Palacios,F
Thaddeus,Nichols,M
Aliyah,Allison,F
Dennis,Cline,M
Lina,Schultz,F
Cody,Tang,M
Belle,Welch,F
Hendrix,Brown,M
Charlotte,McPherson,F
Foster,Carroll,M
Zara,Pearson,F
Gunner,Francis,M
Daniella,Ortega,F
Kobe,Hill,M
Hannah,Randall,F
Trenton,Quinn,M
Heaven,Oâ€™Donnell,F
Lian,Davidson,M
Jayla,Stout,F
Callahan,Hicks,F
Alina,Winters,F
Deandre,Leon,M
Amora,Boyle,F
Robin,Keller,M
Logan,Hull,M
Salem,Johnston,M
Laila,Garrison,F
Noe,Manning,F
Jennifer,Branch,F
Keenan,Blankenship,F
Rosalee,Trevino,F
Jaime,Wade,F
Evie,Craig,F
Odin,Farley,M
Wrenley,Meadows,F
Wayne,Chapman,M
Zuri,Briggs,F
Case,Martinez,M
Harper,Gallegos,F
Jonas,Raymond,M
Hadlee,Roberson,F
Shepherd,McConnell,M
Denise,West,F
Diego,Macdonald,M
Rosalia,Morse,F
Bode,Jimenez,M
Adeline,Odom,F
Kylian,Gallagher,M
Elliott,Page,M
Pablo,Collins,M
Kinsley,Kirby,M
Tony,Torres,M
Violet,Silva,F
Luka,Mercado,M
Mckinley,Rosas,F
Remi,Byrd,F
Giselle,Donaldson,F
Canaan,Dunlap,M
Iliana,Gonzales,F
Brayden,Cameron,M
Julie,Jordan,F
Sawyer,Garza,F
River,Charles,F
Conrad,Thornton,M
Haisley,Goodman,F
Philip,Rhodes,M
Tatum,Harding,M
Brodie,Garcia,M
Amelia,Sparks,F
Drake,Frank,M
Dior,Tanner,F
Bruno,Sierra,M
Marceline,Holt,F
Niko,Schmidt,M
Kimberly,Myers,F
Adam,Juarez,M
Juliet,George,F
Mark,Daniels,M
Ember,Newman,F
Anderson,Santos,M
Alana,Armstrong,F
Grant,Norton,M
Kylee,Collins,F
Miles,Austin,M
Alivia,Leon,F
Marshall,Lewis,M
Ellie,Newman,F
Anderson,Singleton,M
Malaysia,Myers,F
Adam,Cook,M
Aaliyah,Daugherty,F
Turner,Rose,F
Magnolia,Ventura,F
Branson,Lawrence,M
Lauren,Lucero,F
Felipe,Lambert,M
Nina,Moreno,F
Myles,Warren,M
Sloane,McCoy,F
Jett,Campos,F
Sutton,McBride,M
Denver,Booth,F
Zariyah,Silva,F
Luka,Hubbard,M
Rosie,Gates,F
Ermias,Rosario,M
Louisa,Espinoza,F
Dallas,Nash,F
Novah,Gutierrez,F
Luca,Byrd,M
Giselle,Gordon,F
Karter,Whitehead,M
Sylvie,Burnett,F
Davis,Delacruz,M
Celine,Branch,F
Keenan,Colon,M
Remy,Ortiz,F
Landon,Robinson,F
Nora,Oliver,F
Karson,Mendez,F
Londyn,Sullivan,F
Evan,Santana,M
Myra,Manning,F
Seth,Parra,F
Dalary,Scott,F
Leo,Salinas,M
Royalty,Bell,F
Emmett,Powers,F
Michelle,Ho,F
Morgan,Richard,F
Davina,Person,F
Moses,Russell,M
Raelynn,Madden,F
Everest,Ford,F
Alexandra,Burton,F
Zander,Stephenson,M
Khaleesi,King,F
Julian,Frederick,M
Sariyah,Simmons,F
Harrison,Meza,M
Rosa,Dorsey,F
Enoch,May,M
Adriana,Pham,F
Russell,Gutierrez,M
Savannah,Nichols,F
Atlas,Sims,F
Lena,Short,F
Hezekiah,Holloway,v
Mae,Jimenez,F
Silas,Zuniga,M
Leslie,Cantrell,F
Harris,Armstrong,M
